,Item,ExpSup,MaxPeriod
0,Motorbike_HIGH,2.0,1.0
1,Bus_LOW,2.0,1.0
2,Truck_LOW,1.7142857142857144,1.0
3,AQI_PM10_lv5,1.5347474747474743,1.0
4,Person_MODERATE,1.4761904761904763,1.0
5,Car_MODERATE,1.4166666666666667,1.0
