,Item,ExpSup,MaxPeriod
0,Bus_LOW,16.0,2.0
1,AQI_CO_lv4,12.538275862068964,2.0
2,Truck_LOW,12.44047619047619,3.0
3,Person_LOW,10.288519330734243,4.0
4,Motorbike_LOW,8.294168391994479,9.0
5,Car_MODERATE,6.888434829059829,4.0
6,Car_LOW,4.572720864661654,8.0
7,Motorbike_MODERATE,3.7532145581344665,9.0
8,Truck_MODERATE,3.074091478696742,10.0
9,Person_MODERATE,2.580324722481585,8.0
10,Car_HIGH,2.4868421052631575,11.0
11,Motorbike_HIGH,2.420716112531969,10.0
12,Person_HIGH,2.0,10.0
