{
    "input_path": "../data/UTDATABASE/utd_20221222_0226/label.csv",
    "min_supports": [
        4096,
        2048,
        1024,
        512,
        256,
        128,
        64,
        32,
        16,
        8,
        4,
        2,
        1
    ],
    "max_periods": [
        76.10925536017415,
        152.2185107203483,
        304.4370214406966,
        608.8740428813932,
        1217.7480857627863
    ]
}