,Item,ExpSup,MaxPeriod
0,Bus_LOW,275.5075308821439,120.0
1,AQI_O3_lv1,243.0,150.0
2,Motorbike_HIGH,236.47290673292264,120.0
3,Person_30Per,192.431923435145,168.0
4,AQI_PM2.5_lv3,152.11913708668334,166.0
5,Truck_LOW,150.2891289738813,266.0
6,AQI_PM10_lv1,136.86243386243387,150.0
7,AQI_PM10_lv2,114.70899470899471,215.0
8,Car_30Per,112.64848138878081,153.0
