Mode,MinSup,MaxPer,PFItemCount,prepare_database,make_transaction,build_tree,upfp_growth,produce_pattern,max_pattern_length,potential_max_length,potential_pattern_count,size_tree
1.0,32.0,23170.47500592079,850.0,3.865648735000832,0.0,20.179515627999535,26.69332413399934,3.590400075000616,5.0,8.0,3233.0,718572.0
1.0,32.0,23170.47500592079,850.0,2.408491950000098,0.0,18.605498730999898,21.239312646000144,1.3723514409994095,5.0,7.0,3003.0,718572.0
1.0,32.0,46340.95001184158,850.0,2.402410128000156,0.0,13.838387335999869,25.699406245999853,2.5959721420003916,5.0,7.0,4961.0,718572.0
1.0,32.0,46340.95001184158,850.0,2.4194288690005123,0.0,14.110308204999455,22.748230352000064,2.8043064029998277,5.0,8.0,4911.0,718572.0
1.0,32.0,92681.90002368316,850.0,2.5029297140008566,0.0,14.224500512000304,23.70773165599985,3.8543107180003062,5.0,8.0,5096.0,718572.0
1.0,32.0,92681.90002368316,850.0,2.377935854000498,0.0,13.575937566999528,23.63840595399961,4.413939537999795,5.0,8.0,5732.0,718572.0
