,Item,ExpSup,MaxPeriod
0,Humidity_HIGH,6992.894520894521,49.0
1,AQI_SO2_lv1,6992.0,49.0
2,Temperature_HIGH,6991.742638969779,49.0
3,AQI_NO2_lv1,6851.7169811320755,49.0
4,Bus_LOW,6441.781009264696,49.0
5,AQI_CO_lv2,5881.16028708134,49.0
6,AQI_O3_lv1,5524.0,49.0
7,UV_LOW,5248.016178303502,49.0
8,Truck_LOW,5198.3061451339145,49.0
9,Altitude_HIGH,4563.842193245804,49.0
