,Item,ExpSup,MaxPeriod
0,Bus_LOW,138.61157796451914,145.0
1,AQI_O3_lv1,124.0,188.0
2,Person_HIGH,110.24472863789862,131.0
