,Item,ExpSup,MaxPeriod
0,Bus_LOW,5.596491228070176,181.0
1,Truck_LOW,4.2368421052631575,209.0
2,AQI_PM10_lv4,4.025050505050505,181.0
3,Car_MODERATE,3.9713301358038198,181.0
4,Motorbike_HIGH,3.412471395881007,209.0
5,Person_MODERATE,3.1215493931962515,209.0
6,Person_LOW,1.657657657657658,185.0
