{
    "input_path": "../data/UTDATABASE/utd_20221222_0226/label.csv",
    "min_supports": [
        4096,
        2048,
        1024,
        512,
        256,
        128,
        64,
        32,
        16,
        8,
        4,
        2,
        1
    ],
    "max_periods": [
        90.50966799187809,
        181.01933598375618,
        362.03867196751236,
        724.0773439350247,
        1448.1546878700494
    ]
}