,Item,ExpSup,MaxPeriod
0,AQI_O3_lv5,211.26869346733667,650.0
1,Bus_LOW,181.0043059632368,650.0
2,AQI_PM10_lv1,135.47619047619048,653.0
3,Truck_LOW,123.82308858773379,650.0
4,Car_15Per,105.26562510495455,650.0
