Mode,MinSup,MaxPer,PFItemCount,prepare_database,make_transaction,build_tree,upfp_growth,produce_pattern,max_pattern_length,potential_max_length,potential_pattern_count,size_tree
2.0,1.0,23170.47500592079,862.0,2.4346415509999133,0.0,12.401296054999875,78.8427226620006,6.51220001799993,9.0,13.0,98235.0,718851.0
2.0,1.0,23170.47500592079,862.0,2.1360146240003814,0.0,11.374794156000462,73.1543725800002,5.028235160000804,9.0,13.0,98246.0,718851.0
2.0,1.0,46340.95001184158,867.0,2.3512216099998113,0.0,11.843003314999805,112.31987125699925,24.158744284999557,9.0,14.0,312617.0,718913.0
2.0,1.0,46340.95001184158,867.0,2.4002978470007292,0.0,12.213736433999657,110.4086916340002,24.160480247000123,9.0,14.0,312687.0,718913.0
2.0,1.0,92681.90002368316,869.0,2.381363604999933,0.0,11.249652858000445,215.7564506589997,1219.507821358,9.0,16.0,1851846.0,718930.0
2.0,1.0,92681.90002368316,869.0,2.466631454999515,0.0,12.389792015999774,229.39969737699903,1247.3917993710002,9.0,16.0,1851827.0,718930.0
