Mode,MinSup,MaxPer,PFItemCount,prepare_database,make_transaction,build_tree,upfp_growth,produce_pattern,max_pattern_length,potential_max_length,potential_pattern_count,size_tree
1.0,32.0,46340.95001184158,850.0,2.5248924340003214,0.0,12.627615611999772,23.045389262999834,3.229997673770413e-07,-1.0,-1.0,4568.0,718572.0
1.0,32.0,46340.95001184158,850.0,2.598356416000115,0.0,11.37725684399993,21.321900038999956,3.2600019039819017e-07,-1.0,-1.0,4754.0,718572.0
1.0,32.0,92681.90002368316,850.0,2.376210303999869,0.0,11.948591365999619,21.632434362999902,4.2099964048247784e-07,-1.0,-1.0,5613.0,718572.0
1.0,32.0,92681.90002368316,850.0,2.3170538580002358,0.0,12.382491477000258,22.262766061999628,8.449997039861046e-07,-1.0,-1.0,5668.0,718572.0
